{
  "schema_version": 2,
  "relative_path": "examples/vertical_angles.ies",
  "photometry": {
    "vertical_angles_deg": [
      0.0,
      5.0,
      10.0,
      15.0,
      20.0,
      25.0,
      30.0,
      35.0,
      40.0,
      45.0,
      50.0,
      55.0,
      60.0,
      65.0,
      70.0,
      75.0,
      80.0,
      85.0,
      90.0,
      95.0,
      100.0,
      105.0,
      110.0,
      115.0,
      120.0,
      125.0,
      130.0,
      135.0,
      140.0,
      145.0,
      150.0,
      155.0,
      160.0,
      165.0,
      170.0,
      175.0,
      180.0
    ],
    "horizontal_angles_deg": [
      0.0
    ],
    "candela_by_horizontal_deg": {
      "0.0": [
        5509.09326,
        4356.56396,
        2032.99194,
        813.39789,
        493.73654,
        401.36478,
        356.40076,
        268.81555,
        100.07372,
        13.14227,
        4.66549,
        0.68115,
        0.12628,
        0.0906,
        0.06793,
        0.05441,
        0.04552,
        0.03913,
        0.03499,
        0.03626,
        0.04279,
        0.06785,
        0.13322,
        0.24059,
        0.38032,
        0.55236,
        0.80588,
        1.25827,
        2.00901,
        2.94587,
        3.76965,
        4.2449,
        4.47683,
        4.72089,
        4.88404,
        4.58343,
        4.19768
      ]
    },
    "max_candela": 5509.09326
  },
  "polar": {
    "description": "Type C photometry: for each horizontal_deg (azimuth), candela vs vertical_deg (polar angle from nadir; 0° = downward axis). Use for polar plots per plane.",
    "curves": [
      {
        "horizontal_deg": 0.0,
        "vertical_deg": [
          0.0,
          5.0,
          10.0,
          15.0,
          20.0,
          25.0,
          30.0,
          35.0,
          40.0,
          45.0,
          50.0,
          55.0,
          60.0,
          65.0,
          70.0,
          75.0,
          80.0,
          85.0,
          90.0,
          95.0,
          100.0,
          105.0,
          110.0,
          115.0,
          120.0,
          125.0,
          130.0,
          135.0,
          140.0,
          145.0,
          150.0,
          155.0,
          160.0,
          165.0,
          170.0,
          175.0,
          180.0
        ],
        "candela": [
          5509.09326,
          4356.56396,
          2032.99194,
          813.39789,
          493.73654,
          401.36478,
          356.40076,
          268.81555,
          100.07372,
          13.14227,
          4.66549,
          0.68115,
          0.12628,
          0.0906,
          0.06793,
          0.05441,
          0.04552,
          0.03913,
          0.03499,
          0.03626,
          0.04279,
          0.06785,
          0.13322,
          0.24059,
          0.38032,
          0.55236,
          0.80588,
          1.25827,
          2.00901,
          2.94587,
          3.76965,
          4.2449,
          4.47683,
          4.72089,
          4.88404,
          4.58343,
          4.19768
        ]
      }
    ]
  }
}