{
  "schema_version": 2,
  "relative_path": "examples/ies-lights-pack/defined-diffuse.ies",
  "photometry": {
    "vertical_angles_deg": [
      0.0,
      5.0,
      10.0,
      15.0,
      20.0,
      25.0,
      30.0,
      35.0,
      40.0,
      45.0,
      50.0,
      55.0,
      60.0,
      65.0,
      70.0,
      75.0,
      80.0,
      85.0,
      90.0
    ],
    "horizontal_angles_deg": [
      0.0
    ],
    "candela_by_horizontal_deg": {
      "0.0": [
        681.879276637,
        557.110079287,
        490.896871945,
        628.387368307,
        682.069349408,
        430.426577604,
        286.398935592,
        254.901162159,
        76.9183773216,
        18.9393939394,
        11.0377973281,
        0.488758553275,
        0.00678831323993,
        0.0,
        0.0,
        0.0,
        0.0,
        0.0,
        0.0
      ]
    },
    "max_candela": 682.069349408
  },
  "polar": {
    "description": "Type C photometry: for each horizontal_deg (azimuth), candela vs vertical_deg (polar angle from nadir; 0° = downward axis). Use for polar plots per plane.",
    "curves": [
      {
        "horizontal_deg": 0.0,
        "vertical_deg": [
          0.0,
          5.0,
          10.0,
          15.0,
          20.0,
          25.0,
          30.0,
          35.0,
          40.0,
          45.0,
          50.0,
          55.0,
          60.0,
          65.0,
          70.0,
          75.0,
          80.0,
          85.0,
          90.0
        ],
        "candela": [
          681.879276637,
          557.110079287,
          490.896871945,
          628.387368307,
          682.069349408,
          430.426577604,
          286.398935592,
          254.901162159,
          76.9183773216,
          18.9393939394,
          11.0377973281,
          0.488758553275,
          0.00678831323993,
          0.0,
          0.0,
          0.0,
          0.0,
          0.0,
          0.0
        ]
      }
    ]
  }
}