{
  "schema_version": 2,
  "relative_path": "examples/ies-lights-pack/vee.ies",
  "photometry": {
    "vertical_angles_deg": [
      0.0,
      5.0,
      10.0,
      15.0,
      20.0,
      25.0,
      30.0,
      35.0,
      40.0,
      45.0,
      50.0,
      55.0,
      60.0,
      65.0,
      70.0,
      75.0,
      80.0,
      85.0,
      90.0
    ],
    "horizontal_angles_deg": [
      0.0
    ],
    "candela_by_horizontal_deg": {
      "0.0": [
        270.9,
        258.0,
        264.8,
        271.4,
        288.6,
        330.7,
        402.9,
        109.6,
        6.511,
        5.297,
        3.399,
        1.846,
        1.063,
        0.5676,
        0.4306,
        0.03262,
        0.0,
        0.0,
        0.0
      ]
    },
    "max_candela": 402.9
  },
  "polar": {
    "description": "Type C photometry: for each horizontal_deg (azimuth), candela vs vertical_deg (polar angle from nadir; 0° = downward axis). Use for polar plots per plane.",
    "curves": [
      {
        "horizontal_deg": 0.0,
        "vertical_deg": [
          0.0,
          5.0,
          10.0,
          15.0,
          20.0,
          25.0,
          30.0,
          35.0,
          40.0,
          45.0,
          50.0,
          55.0,
          60.0,
          65.0,
          70.0,
          75.0,
          80.0,
          85.0,
          90.0
        ],
        "candela": [
          270.9,
          258.0,
          264.8,
          271.4,
          288.6,
          330.7,
          402.9,
          109.6,
          6.511,
          5.297,
          3.399,
          1.846,
          1.063,
          0.5676,
          0.4306,
          0.03262,
          0.0,
          0.0,
          0.0
        ]
      }
    ]
  }
}