{
  "schema_version": 2,
  "relative_path": "examples/ies-lights-pack/x-arrow-soft.ies",
  "photometry": {
    "vertical_angles_deg": [
      0.0,
      2.5,
      5.0,
      7.5,
      10.0,
      12.5,
      15.0,
      17.5,
      20.0,
      22.5,
      25.0,
      27.5,
      30.0,
      32.5,
      35.0,
      37.5,
      40.0,
      42.5,
      45.0,
      47.5,
      50.0,
      52.5,
      55.0,
      57.5,
      60.0,
      62.5,
      65.0,
      67.5,
      70.0,
      72.5,
      75.0,
      77.5,
      80.0,
      82.5,
      85.0,
      87.5,
      90.0,
      92.5,
      95.0,
      97.5,
      100.0,
      102.5,
      105.0,
      107.5,
      110.0,
      112.5,
      115.0,
      117.5,
      120.0,
      122.5,
      125.0,
      127.5,
      130.0,
      132.5,
      135.0,
      137.5,
      140.0,
      142.5,
      145.0,
      147.5,
      150.0,
      152.5,
      155.0,
      157.5,
      160.0,
      162.5,
      165.0,
      167.5,
      170.0,
      172.5,
      175.0,
      177.5,
      180.0
    ],
    "horizontal_angles_deg": [
      0.0
    ],
    "candela_by_horizontal_deg": {
      "0.0": [
        178.4,
        176.7,
        170.8,
        160.9,
        147.0,
        133.0,
        114.6,
        96.13,
        80.57,
        67.13,
        56.54,
        47.61,
        40.87,
        36.97,
        36.86,
        39.76,
        45.47,
        54.35,
        66.39,
        75.84,
        79.96,
        73.53,
        62.87,
        52.35,
        44.33,
        39.14,
        36.31,
        33.87,
        29.1,
        22.59,
        15.67,
        9.13,
        5.317,
        2.654,
        1.382,
        0.3416,
        0.2,
        0.09695,
        0.2025,
        0.175,
        0.1518,
        0.1455,
        0.1328,
        0.1307,
        0.1139,
        0.1097,
        0.097,
        0.1075,
        0.1076,
        0.07175,
        0.1243,
        0.1073,
        0.1328,
        0.1349,
        0.1391,
        0.1307,
        0.1412,
        0.1475,
        0.156,
        0.1813,
        0.1876,
        0.2087,
        0.2466,
        0.2466,
        0.2782,
        0.2993,
        0.3035,
        0.3035,
        0.3035,
        0.2993,
        0.2993,
        0.3035,
        0.3035
      ]
    },
    "max_candela": 178.4
  },
  "polar": {
    "description": "Type C photometry: for each horizontal_deg (azimuth), candela vs vertical_deg (polar angle from nadir; 0° = downward axis). Use for polar plots per plane.",
    "curves": [
      {
        "horizontal_deg": 0.0,
        "vertical_deg": [
          0.0,
          2.5,
          5.0,
          7.5,
          10.0,
          12.5,
          15.0,
          17.5,
          20.0,
          22.5,
          25.0,
          27.5,
          30.0,
          32.5,
          35.0,
          37.5,
          40.0,
          42.5,
          45.0,
          47.5,
          50.0,
          52.5,
          55.0,
          57.5,
          60.0,
          62.5,
          65.0,
          67.5,
          70.0,
          72.5,
          75.0,
          77.5,
          80.0,
          82.5,
          85.0,
          87.5,
          90.0,
          92.5,
          95.0,
          97.5,
          100.0,
          102.5,
          105.0,
          107.5,
          110.0,
          112.5,
          115.0,
          117.5,
          120.0,
          122.5,
          125.0,
          127.5,
          130.0,
          132.5,
          135.0,
          137.5,
          140.0,
          142.5,
          145.0,
          147.5,
          150.0,
          152.5,
          155.0,
          157.5,
          160.0,
          162.5,
          165.0,
          167.5,
          170.0,
          172.5,
          175.0,
          177.5,
          180.0
        ],
        "candela": [
          178.4,
          176.7,
          170.8,
          160.9,
          147.0,
          133.0,
          114.6,
          96.13,
          80.57,
          67.13,
          56.54,
          47.61,
          40.87,
          36.97,
          36.86,
          39.76,
          45.47,
          54.35,
          66.39,
          75.84,
          79.96,
          73.53,
          62.87,
          52.35,
          44.33,
          39.14,
          36.31,
          33.87,
          29.1,
          22.59,
          15.67,
          9.13,
          5.317,
          2.654,
          1.382,
          0.3416,
          0.2,
          0.09695,
          0.2025,
          0.175,
          0.1518,
          0.1455,
          0.1328,
          0.1307,
          0.1139,
          0.1097,
          0.097,
          0.1075,
          0.1076,
          0.07175,
          0.1243,
          0.1073,
          0.1328,
          0.1349,
          0.1391,
          0.1307,
          0.1412,
          0.1475,
          0.156,
          0.1813,
          0.1876,
          0.2087,
          0.2466,
          0.2466,
          0.2782,
          0.2993,
          0.3035,
          0.3035,
          0.3035,
          0.2993,
          0.2993,
          0.3035,
          0.3035
        ]
      }
    ]
  }
}