{
  "schema_version": 2,
  "relative_path": "examples/ies-lights-pack/x-arrow-diffuse.ies",
  "photometry": {
    "vertical_angles_deg": [
      0.0,
      2.5,
      5.0,
      7.5,
      10.0,
      12.5,
      15.0,
      17.5,
      20.0,
      22.5,
      25.0,
      27.5,
      30.0,
      32.5,
      35.0,
      37.5,
      40.0,
      42.5,
      45.0,
      47.5,
      50.0,
      52.5,
      55.0,
      57.5,
      60.0,
      62.5,
      65.0,
      67.5,
      70.0,
      72.5,
      75.0,
      77.5,
      80.0,
      82.5,
      85.0,
      87.5,
      90.0
    ],
    "horizontal_angles_deg": [
      0.0
    ],
    "candela_by_horizontal_deg": {
      "0.0": [
        283.4,
        280.7,
        270.0,
        250.8,
        228.0,
        207.8,
        185.8,
        160.1,
        140.4,
        133.0,
        131.4,
        131.4,
        130.9,
        127.9,
        120.7,
        109.3,
        99.46,
        95.13,
        98.4,
        106.8,
        116.0,
        122.2,
        124.1,
        119.1,
        97.99,
        57.94,
        26.92,
        11.71,
        4.582,
        1.544,
        0.9573,
        0.6497,
        0.4341,
        0.2616,
        0.1724,
        0.04603,
        0.005727
      ]
    },
    "max_candela": 283.4
  },
  "polar": {
    "description": "Type C photometry: for each horizontal_deg (azimuth), candela vs vertical_deg (polar angle from nadir; 0° = downward axis). Use for polar plots per plane.",
    "curves": [
      {
        "horizontal_deg": 0.0,
        "vertical_deg": [
          0.0,
          2.5,
          5.0,
          7.5,
          10.0,
          12.5,
          15.0,
          17.5,
          20.0,
          22.5,
          25.0,
          27.5,
          30.0,
          32.5,
          35.0,
          37.5,
          40.0,
          42.5,
          45.0,
          47.5,
          50.0,
          52.5,
          55.0,
          57.5,
          60.0,
          62.5,
          65.0,
          67.5,
          70.0,
          72.5,
          75.0,
          77.5,
          80.0,
          82.5,
          85.0,
          87.5,
          90.0
        ],
        "candela": [
          283.4,
          280.7,
          270.0,
          250.8,
          228.0,
          207.8,
          185.8,
          160.1,
          140.4,
          133.0,
          131.4,
          131.4,
          130.9,
          127.9,
          120.7,
          109.3,
          99.46,
          95.13,
          98.4,
          106.8,
          116.0,
          122.2,
          124.1,
          119.1,
          97.99,
          57.94,
          26.92,
          11.71,
          4.582,
          1.544,
          0.9573,
          0.6497,
          0.4341,
          0.2616,
          0.1724,
          0.04603,
          0.005727
        ]
      }
    ]
  }
}